train_acc,train_loss,val_acc,val_loss
0.09834285714285715,2.8967597,0.1268,2.8155758
