train_acc,train_loss,val_acc,val_loss
0.04166666666666667,2.9957323,0.07333333333333333,2.9957275
