train_acc,train_loss,val_acc,val_loss
0.026041666666666668,2.9957478,0.05397727272727273,2.9957268
