train_acc,train_loss,val_acc,val_loss
0.020833333333333332,3.001462,0.038825757575757576,2.9971893
